PersonalID,FirstName,LastName,SSN,SSNDataQuality,DOB,DOBDataQuality,RaceEthnicity,Gender,VeteranStatus,DisablingCondition,CreatedDate
afb9b190,Ashley,Lewis,161-76-4287,1,1994-09-27 19:20:36.360053,1,[6],[1],0,0,2024-03-11
5628d354,Matthew,Taylor,251-40-3465,99,1987-03-31 19:20:36.360074,1,[2],[1],0,0,2021-12-18
cd43faeb,Michael,Smith,883-48-8133,1,2005-06-29 19:20:36.360086,1,[99],[0],0,1,2022-05-31
a583f469,Anthony,Lee,980-18-4335,1,1973-04-05 19:20:36.360097,8,"[7, 5]",[1],0,1,2021-07-14
019412dc,Margaret,Allen,373-46-3631,1,1997-08-02 19:20:36.360107,1,[6],[1],0,9,2024-05-13
65083a14,Anthony,Jones,715-40-7649,1,2004-07-29 19:20:36.360117,1,[6],[0],0,1,2022-10-27
3005e851,Linda,Wilson,253-34-1453,1,1968-04-02 19:20:36.360126,2,"[1, 5]","[0, 5]",0,9,2023-03-07
6c8164c5,David,Brown,947-49-8604,8,1971-09-03 19:20:36.360136,1,[5],[0],0,8,2021-09-30
6579ac6d,Susan,Young,546-64-1606,1,1947-12-31 19:20:36.360145,1,[9],[1],0,1,2022-11-12
e19302ed,Donald,Lewis,379-27-1477,1,1997-03-09 19:20:36.360154,1,[6],[1],0,8,2021-12-26
04c61787,William,Brown,922-45-3883,1,1997-12-10 19:20:36.360165,1,[99],[0],0,1,2022-10-14
3289b090,Thomas,Lewis,143-72-1326,99,1990-11-03 19:20:36.360175,1,[6],[0],0,0,2023-09-15
2300e7ea,Lisa,Wilson,185-50-5882,2,1943-03-31 19:20:36.360183,8,[1],[1],0,1,2021-05-19
c24dd98e,Jessica,Taylor,516-XX-XXXX,1,1972-09-29 19:20:36.360192,1,"[3, 5]",[1],0,1,2022-11-18
e578d41f,William,Brown,787-XX-XXXX,1,2012-08-22 19:20:36.360201,1,"[3, 6, 5]",[0],0,1,2021-02-06
11166955,Mary,Miller,192-60-3302,1,2011-04-20 19:20:36.360210,1,"[3, 5]",[8],0,1,2024-05-31
0cbdebd2,John,Brown,684-74-2976,1,1998-05-22 19:20:36.360218,8,[5],[1],0,1,2024-04-13
142faf30,Susan,Williams,948-84-9605,1,1976-03-13 19:20:36.360228,8,[3],[1],0,1,2023-07-09
e6798aac,Susan,White,192-40-3003,1,1954-02-09 19:20:36.360236,1,[5],[1],0,1,2023-02-23
8a653211,Joseph,Lewis,420-52-7388,1,2002-03-15 19:20:36.360245,1,"[6, 5]",[1],0,1,2023-11-13
457ef7cf,Sarah,Walker,861-40-7928,1,1995-03-14 19:20:36.360254,1,[2],[0],0,1,2022-04-22
a4109db8,Thomas,Hall,209-32-4507,1,1989-06-05 19:20:36.360262,1,[4],[1],0,1,2023-10-29
2ad3aa05,Thomas,Jones,550-XX-XXXX,1,1941-05-19 19:20:36.360271,1,"[2, 6]",[4],0,0,2024-04-18
40acf2d7,Mark,Williams,983-85-1916,1,1976-11-16 19:20:36.360279,1,[5],[0],0,1,2021-01-28
300b77db,Patricia,Smith,483-99-2850,1,1973-12-25 19:20:36.360288,8,[5],[0],0,0,2022-04-22
b48bf75d,Sarah,Walker,533-70-5036,2,1993-06-28 19:20:36.360296,1,[1],[0],0,1,2021-02-13
13e8696e,Matthew,Martin,903-XX-XXXX,1,1986-03-11 19:20:36.360305,1,[1],[1],1,1,2024-06-16
59a4e71c,Karen,Walker,471-XX-XXXX,1,2004-10-24 19:20:36.360313,1,"[3, 5]",[1],0,1,2021-09-12
da82f17c,Lisa,White,476-49-1345,1,2008-05-26 19:20:36.360322,1,"[3, 5]",[1],0,1,2022-09-25
791fb141,Mark,Johnson,720-14-1895,1,1969-08-28 19:20:36.360330,1,"[1, 3]",[1],0,99,2022-04-30
81de4121,Karen,Miller,907-95-4926,1,1972-09-08 19:20:36.360339,1,[99],[1],0,1,2023-05-28
761f1fa2,Donald,Jones,493-49-6945,1,1952-03-08 19:20:36.360347,1,[4],[1],1,9,2022-05-14
8e91cf9e,Elizabeth,Johnson,801-XX-XXXX,1,1954-08-27 19:20:36.360356,1,[3],[1],0,1,2024-06-23
9e67fd23,Joseph,Hall,987-40-8248,9,1993-12-03 19:20:36.360364,9,"[1, 3, 6]",[1],0,0,2021-06-12
93b80be2,Nancy,Rodriguez,502-42-5929,99,1990-06-04 19:20:36.360373,1,"[3, 6, 4]",[0],0,0,2021-05-03
f1085503,Susan,Thompson,942-40-5872,2,1942-01-20 19:20:36.360381,1,"[3, 7, 4]",[1],0,1,2021-10-09
815f1b81,Sandra,Martinez,264-66-6196,1,1966-11-01 19:20:36.360389,1,"[3, 5]",[1],0,0,2023-02-07
00a36962,Lisa,Johnson,885-XX-XXXX,1,2004-07-05 19:20:36.360398,1,[7],[1],0,1,2023-10-19
1f4de686,Matthew,Martin,908-14-5489,1,1992-07-10 19:20:36.360406,1,[2],[0],0,1,2022-08-31
7f00adff,Sandra,Jones,942-XX-XXXX,1,2005-12-03 19:20:36.360414,2,"[3, 6]",[1],0,1,2022-02-18
6a777028,Donald,King,603-70-7765,1,1945-05-20 19:20:36.360422,1,[5],[0],0,1,2021-11-07
3a8426f4,John,Moore,440-XX-XXXX,1,1982-02-15 19:20:36.360431,1,[3],[1],0,1,2023-02-09
c4820d06,Michael,Johnson,997-22-3627,1,2003-02-25 19:20:36.360439,1,"[3, 5]",[0],0,1,2022-02-23
d10e701c,Donald,Williams,618-18-6764,9,1989-05-31 19:20:36.360447,1,[5],[0],0,1,2021-03-19
31be8830,Donald,Taylor,846-80-6353,1,1996-01-02 19:20:36.360456,1,[5],[1],0,1,2022-05-03
59d5f1e7,Joseph,Rodriguez,128-16-4010,1,1985-08-06 19:20:36.360464,1,"[3, 6]",[1],0,8,2024-05-09
19ad4fa5,John,Smith,910-92-3229,1,2001-08-24 19:20:36.360473,1,[5],[0],0,0,2023-06-28
b29c1e40,John,Walker,304-90-6006,1,1997-07-02 19:20:36.360481,1,"[3, 5]",[0],0,99,2022-11-05
e2455518,Richard,Jones,184-24-3585,1,1980-07-03 19:20:36.360489,1,"[3, 5]",[1],0,1,2021-10-02
e1133e32,Donald,Hall,830-93-3131,1,1986-11-20 19:20:36.360497,1,[5],[1],0,1,2022-07-24
9a84b54f,Jennifer,Jones,802-62-6233,99,1998-03-05 19:20:36.360506,1,"[3, 5]",[0],0,0,2022-10-13
78f238f6,Elizabeth,King,994-27-5270,2,1966-11-25 19:20:36.360514,2,"[3, 5]",[1],0,1,2021-03-23
659502be,John,Robinson,707-51-5616,9,1985-12-25 19:20:36.360522,1,[8],[1],1,0,2023-12-03
fad0489b,Patricia,Miller,524-57-3980,8,1991-12-11 19:20:36.360531,1,[3],[0],0,0,2023-04-30
8529f79d,Jennifer,Martinez,486-83-4677,1,1978-10-10 19:20:36.360539,1,[3],[1],0,1,2022-08-14
76e0eba3,William,Hernandez,123-81-4747,9,1996-10-04 19:20:36.360547,1,[3],[1],0,1,2021-02-18
bfe8c12d,Patricia,Miller,573-XX-XXXX,1,2003-05-04 19:20:36.360555,1,"[1, 3, 5]",[1],0,1,2022-04-15
f54c55c0,Matthew,Davis,818-31-1815,1,2010-07-20 19:20:36.360564,9,"[6, 5]",[0],0,9,2022-11-10
93dda20a,Robert,Rodriguez,539-86-5262,1,1991-02-10 19:20:36.360572,1,"[3, 6]",[1],1,1,2022-12-03
1a222ced,Sarah,Thomas,476-31-2922,1,1995-01-30 19:20:36.360581,1,[7],[1],0,1,2022-05-12
98d13071,Robert,Smith,638-65-8433,1,2000-05-06 19:20:36.360589,1,[5],[1],0,0,2022-02-26
7ddbb0af,Ashley,Williams,606-25-4677,1,2003-06-18 19:20:36.360597,1,"[1, 3, 5]",[0],0,1,2024-01-10
a34d658b,Michael,Brown,295-44-5717,2,2003-07-25 19:20:36.360606,1,[6],[1],1,1,2021-04-21
98bc03e8,Thomas,Young,491-26-8066,1,2009-10-23 19:20:36.360614,8,[5],[0],0,99,2022-05-24
3bed0d1a,Daniel,Lee,714-XX-XXXX,1,1983-11-15 19:20:36.360622,9,[3],[1],0,1,2022-04-01
38b80db0,James,Moore,943-46-4102,1,1994-07-03 19:20:36.360631,1,[1],[0],0,1,2024-05-30
93f8400b,Elizabeth,Martinez,518-28-1471,1,1989-06-30 19:20:36.360639,1,"[3, 5]","[0, 5]",0,0,2023-02-21
6e3f2e79,Jessica,Thomas,368-40-8388,2,1982-12-25 19:20:36.360647,1,[3],[0],1,8,2023-12-04
8268baea,Lisa,Thomas,478-XX-XXXX,1,1978-11-21 19:20:36.360656,1,"[3, 6]","[0, 5]",0,1,2022-10-21
0d6ace41,Karen,Davis,762-68-2404,99,1990-01-13 19:20:36.360664,1,"[1, 6, 5]",[9],0,0,2022-01-11
ac605ebe,Emily,Young,236-51-7513,2,2000-07-22 19:20:36.360672,1,[3],[0],0,0,2023-06-25
17e380e9,Robert,Thompson,830-59-7935,1,1968-04-21 19:20:36.360680,1,[5],[1],0,1,2021-01-13
fc5958fb,Sarah,Walker,362-19-2561,1,1993-08-21 19:20:36.360689,99,[6],[1],0,0,2021-05-13
aef7c3a4,Susan,Lee,153-52-4847,2,1992-12-03 19:20:36.360697,1,[3],[0],0,9,2023-10-04
9148caee,Jessica,Robinson,462-87-1745,1,1977-08-11 19:20:36.360705,1,[5],[1],0,1,2021-05-24
12f998c9,Joseph,Wilson,616-89-7241,1,1947-08-27 19:20:36.360713,1,[6],[1],0,0,2022-01-30
d44d8ea5,Margaret,Thompson,504-95-7076,2,2000-12-19 19:20:36.360722,1,"[3, 6]",[9],0,1,2021-04-17
abafd853,Daniel,Martinez,672-15-3938,1,1975-07-21 19:20:36.360730,1,[5],[0],0,1,2021-10-17
83018a7b,James,Williams,615-73-6557,1,1984-12-14 19:20:36.360739,1,[8],[1],1,1,2022-02-23
9c8e3114,Elizabeth,Jones,235-XX-XXXX,1,2006-05-04 19:20:36.360747,1,[1],[0],0,0,2021-09-15
7a70170a,Michael,Allen,827-77-8093,8,1983-11-16 19:20:36.360755,1,[99],[0],0,0,2021-07-07
bd6a85b3,John,Martinez,219-50-1723,1,1949-06-14 19:20:36.360763,1,"[6, 5]",[0],0,1,2021-12-22
f9e4e194,James,Walker,611-XX-XXXX,1,1982-10-04 19:20:36.360772,1,[1],[1],0,1,2024-04-28
2892884f,Ashley,Smith,954-XX-XXXX,1,2006-04-10 19:20:36.360780,1,[1],[0],0,1,2024-01-30
463a0feb,Sandra,Thompson,469-65-5635,1,1987-10-13 19:20:36.360788,1,[3],[3],0,1,2022-02-23
a2c35713,Linda,Miller,369-XX-XXXX,1,2002-03-10 19:20:36.360797,1,[3],[0],0,1,2022-04-29
db1d7cc7,Mark,Lewis,879-43-9470,1,2008-12-25 19:20:36.360805,2,[8],[1],0,0,2023-11-06
de5fe954,Thomas,Miller,268-50-9049,1,2004-07-17 19:20:36.360813,1,[5],[1],0,1,2021-06-10
984f0618,Daniel,Taylor,254-81-8208,8,2006-05-24 19:20:36.360821,1,[5],[1],0,9,2023-05-23
4673fe81,David,Davis,252-16-4766,1,2007-03-27 19:20:36.360829,1,[3],[0],0,1,2023-08-15
78d279b6,Jessica,Hernandez,581-43-3679,1,2006-11-19 19:20:36.360837,1,"[3, 5]",[0],0,1,2022-09-30
01cc4d21,Charles,Walker,546-24-9108,1,1983-05-28 19:20:36.360845,1,[5],[1],0,0,2021-12-03
4f48c137,David,Garcia,465-81-8949,2,2003-05-28 19:20:36.360854,1,[3],[1],1,1,2022-02-09
48e14db7,Daniel,Smith,215-28-3025,1,2000-08-12 19:20:36.360862,9,"[6, 5]",[1],0,1,2022-05-17
22f95794,Daniel,Lee,308-46-3959,2,1978-05-29 19:20:36.360871,1,[3],[1],0,8,2023-05-19
fc29d16e,Sandra,Jones,867-75-5469,1,1998-09-02 19:20:36.360879,1,[5],[1],0,1,2021-12-28
3e40f78e,David,King,779-84-4479,1,1990-08-15 19:20:36.360887,1,[3],[0],0,1,2024-05-25
5f445795,Sarah,Miller,104-77-3958,1,2003-05-19 19:20:36.360895,2,"[3, 6]",[1],0,1,2022-05-25
9926e70e,Charles,King,178-41-9161,1,2004-10-09 19:20:36.360904,1,[5],[1],0,0,2022-09-13
50dbf7ac,Lisa,Thompson,436-13-5657,1,2009-05-29 19:20:36.360912,1,[3],[1],0,1,2022-08-08
3c7df69c,Matthew,Young,796-25-7458,1,2003-07-12 19:20:36.360920,1,[1],[1],0,0,2024-03-26
bf6bda65,Thomas,Lewis,208-51-3519,1,2001-11-29 19:20:36.360928,1,[4],[1],0,0,2023-07-08
9f1f4a2d,Mark,Martin,571-94-8861,1,2003-01-18 19:20:36.360937,1,[3],[0],0,8,2022-02-17
ae26cb9e,Karen,Thomas,375-86-1095,1,2006-01-17 19:20:36.360945,1,[2],[1],0,1,2022-07-11
bf95d33e,Joseph,Lewis,144-93-8423,9,2001-02-21 19:20:36.360953,1,[5],[1],0,1,2023-09-13
9384ddad,Joseph,Martinez,849-82-3118,1,1994-08-02 19:20:36.360961,1,[3],[1],0,0,2021-06-13
d80822ba,Elizabeth,Davis,149-92-5635,1,2006-10-14 19:20:36.360969,8,[6],[1],0,1,2023-01-07
64a78d9a,Charles,Harris,156-19-9964,2,1987-03-24 19:20:36.360977,1,[6],[0],0,0,2023-03-27
124cf483,Robert,Rodriguez,490-XX-XXXX,1,1987-02-23 19:20:36.360986,1,[5],[0],0,0,2023-02-13
a725ad2b,Donald,Jones,361-32-4933,1,1986-08-25 19:20:36.360995,1,[3],[1],0,1,2021-12-10
180ae364,Sandra,Davis,986-XX-XXXX,1,2012-08-14 19:20:36.361003,1,[3],[1],0,0,2023-08-23
6fedc053,Elizabeth,Allen,121-36-3669,1,1967-04-06 19:20:36.361011,1,[5],[1],1,1,2023-06-23
8da3f863,Jennifer,Thomas,512-46-3525,9,1997-05-14 19:20:36.361020,1,[5],[0],0,0,2023-05-16
b04541a3,Sandra,Jackson,602-65-6080,2,2006-06-11 19:20:36.361028,1,[9],[1],0,0,2023-11-01
be4e9fb4,William,White,717-XX-XXXX,1,1965-07-17 19:20:36.361036,1,"[3, 5]",[1],0,0,2024-06-02
384f18e7,Linda,Miller,781-22-7020,8,1966-06-25 19:20:36.361044,1,[3],[0],0,1,2023-06-07
da6b0fc7,Sarah,Thompson,601-67-7358,2,2010-01-22 19:20:36.361052,1,"[3, 5]",[0],0,1,2021-11-16
f40d86e4,Susan,Wilson,676-86-7931,1,2006-08-09 19:20:36.361060,1,"[3, 5]",[1],0,1,2023-09-15
5583ad0c,Elizabeth,White,532-57-4053,8,1964-12-19 19:20:36.361069,1,[3],[0],0,1,2021-02-10
53bc6bd3,Anthony,Jones,536-21-1662,1,1997-08-24 19:20:36.361077,1,"[7, 5]",[1],0,1,2023-02-21
08d4e9ec,Ashley,Walker,574-96-4673,2,2001-12-15 19:20:36.361085,1,[5],[1],0,0,2023-05-26
3d31eb5d,Mary,Anderson,830-29-9115,8,2001-09-10 19:20:36.361094,1,[5],[1],1,1,2021-06-20
fc494999,Robert,Jones,762-77-2375,1,1998-05-20 19:20:36.361102,1,"[6, 5]",[1],0,1,2022-09-07
bb27a86e,Susan,Harris,547-20-8825,1,1995-02-23 19:20:36.361110,1,[7],[0],0,1,2024-05-03
bf11a631,Elizabeth,Jones,230-97-5921,1,1985-01-18 19:20:36.361119,1,"[3, 6, 5]",[0],1,1,2024-01-06
31da4b6a,Joseph,Thompson,635-64-5841,1,1994-02-26 19:20:36.361127,1,[2],[1],0,9,2021-11-09
3dc0be84,Jennifer,Brown,664-19-1738,2,1999-06-26 19:20:36.361135,1,[5],[1],0,1,2024-02-07
898c83d0,Nancy,Martin,622-64-7766,8,1988-09-19 19:20:36.361143,1,[2],[4],0,0,2021-12-26
7ba26e8e,Emily,Walker,776-82-5151,1,2009-05-03 19:20:36.361152,1,"[3, 5]",[1],0,1,2022-06-11
ec52bbcc,Jennifer,Thomas,699-20-9248,1,2001-01-28 19:20:36.361160,1,[3],[1],0,1,2023-02-19
e674a880,Matthew,Lewis,858-94-8583,1,1991-02-16 19:20:36.361169,2,[5],[0],0,1,2023-08-08
51c64484,Karen,Taylor,286-60-1741,1,1964-07-09 19:20:36.361177,1,[3],[0],0,1,2022-09-19
57670775,Elizabeth,Garcia,997-48-6143,1,1994-04-21 19:20:36.361185,1,"[1, 5]",[1],0,1,2023-07-18
070e1c60,Jennifer,Lee,565-95-8371,1,1994-08-21 19:20:36.361193,1,"[6, 5]",[0],0,1,2022-08-04
146d3971,Jennifer,Johnson,371-53-4066,9,2002-12-14 19:20:36.361202,1,"[3, 5]",[0],0,1,2023-02-08
03413f3b,Mark,Williams,180-87-5248,1,1999-04-11 19:20:36.361210,1,[6],[1],0,1,2024-02-26
ef46d7ca,Matthew,Anderson,208-XX-XXXX,1,1999-08-24 19:20:36.361218,1,[6],[1],0,1,2024-05-26
5742d220,Matthew,Martin,118-10-7470,1,2003-01-16 19:20:36.361226,2,[5],[0],0,0,2023-09-12
43315420,Donald,Jones,275-93-8817,1,2002-12-20 19:20:36.361235,1,"[3, 5]",[0],0,1,2021-05-28
f3e6b873,Lisa,Jackson,514-94-8974,99,1995-08-21 19:20:36.361243,1,"[3, 5]",[1],0,0,2022-11-14
bca7f7cf,Sandra,Taylor,932-88-6910,99,2008-08-05 19:20:36.361251,1,[5],[0],0,1,2021-10-07
61f0951a,Robert,Harris,806-96-7471,1,2001-06-14 19:20:36.361259,1,[5],[1],0,1,2023-08-20
9a021c2e,Jennifer,Robinson,189-26-3213,1,2006-11-16 19:20:36.361267,1,"[3, 5]",[0],0,0,2022-02-05
c16e0143,Linda,Lee,214-12-4083,1,2006-10-06 19:20:36.361276,1,"[1, 3, 5]",[0],0,1,2021-11-13
a4ea9ac9,Patricia,Taylor,314-XX-XXXX,1,2001-05-20 19:20:36.361284,1,[3],[0],0,0,2022-01-24
3d6019dd,Mary,Rodriguez,248-93-4961,1,1967-07-27 19:20:36.361292,1,"[3, 5]",[0],1,0,2021-01-09
21c471d9,David,Allen,741-78-4127,1,1982-05-19 19:20:36.361300,1,[3],[1],0,1,2021-01-27
a528bcc5,Charles,Harris,888-69-3427,1,1981-11-22 19:20:36.361308,9,[2],[0],0,1,2023-10-23
127a50cd,Robert,Wilson,122-24-3721,1,1977-11-10 19:20:36.361316,2,[7],[1],0,99,2023-02-06
4f88a8e4,Joseph,Garcia,856-XX-XXXX,1,1998-02-16 19:20:36.361325,1,[9],[0],0,1,2023-10-04
78a105ee,William,White,596-70-1321,9,2001-11-23 19:20:36.361333,1,[5],[1],1,1,2023-04-09
bbef35f4,Susan,Taylor,699-XX-XXXX,1,1981-12-29 19:20:36.361341,1,[8],"[1, 5]",0,1,2023-05-02
41567eda,Jennifer,Young,401-82-7418,1,1990-05-10 19:20:36.361349,99,[3],[3],0,0,2023-03-20
2181d788,Michael,White,108-23-8074,1,1993-10-12 19:20:36.361357,1,[6],[0],0,99,2023-02-04
cc1913d9,Karen,Miller,968-XX-XXXX,99,1990-05-21 19:20:36.361365,1,[2],[1],0,1,2023-02-26
7f2a4cbf,Matthew,Young,692-86-5764,1,2005-02-26 19:20:36.361373,1,[1],[0],0,1,2023-09-30
8d24eef4,Mary,Williams,509-72-9410,1,2005-10-08 19:20:36.361381,1,[5],[1],0,0,2022-09-23
0531c716,Lisa,Hernandez,726-96-8993,2,1980-04-22 19:20:36.361389,99,[3],[0],0,1,2024-04-19
ff769cf6,David,Allen,162-77-1311,1,1986-04-13 19:20:36.361398,9,[3],[0],0,1,2021-05-26
d9a00742,Susan,Hall,423-80-2040,1,1998-09-14 19:20:36.361406,1,"[3, 5]",[1],0,1,2023-04-18
b7a058fb,Robert,Martin,763-63-8755,1,1985-11-07 19:20:36.361414,1,[5],[99],0,0,2021-03-21
068a1284,Susan,Rodriguez,737-92-6681,1,1944-08-11 19:20:36.361422,1,[5],[1],0,1,2021-09-12
4fe7cd93,Joseph,Thomas,546-12-3643,1,1997-12-17 19:20:36.361430,1,[3],[0],0,99,2023-02-28
84c5cf6b,Karen,Davis,296-70-6633,1,2005-12-31 19:20:36.361439,1,"[1, 5]",[1],0,1,2024-03-04
d599e9c6,Jennifer,Smith,619-38-6556,1,2005-07-11 19:20:36.361447,1,"[3, 5]",[1],0,1,2021-11-29
a7298db7,Karen,Rodriguez,973-XX-XXXX,2,2005-08-12 19:20:36.361455,1,[4],[0],0,0,2022-02-02
21c9023b,Elizabeth,Martin,772-69-3148,1,2006-03-11 19:20:36.361463,1,[6],[6],0,99,2023-06-13
6661e97a,Patricia,Rodriguez,840-XX-XXXX,1,2005-06-28 19:20:36.361471,9,[3],[0],0,0,2022-06-07
c3a34fd7,Emily,Jones,526-96-6902,1,2003-12-13 19:20:36.361479,1,[6],[1],0,1,2022-12-15
9ee9c983,James,Jackson,918-30-4394,1,2002-04-16 19:20:36.361487,1,"[6, 4]",[5],0,1,2023-11-10
979cd95d,Richard,Harris,867-21-8911,1,2002-10-18 19:20:36.361495,8,"[2, 5]",[1],0,0,2023-09-28
4a5a8a43,Emily,Thompson,304-30-9063,1,1963-09-23 19:20:36.361504,1,[5],[0],0,1,2023-01-25
474071b4,Sarah,Rodriguez,525-73-5975,1,2001-12-08 19:20:36.361512,1,[3],[1],0,0,2021-04-29
b8022ffa,Anthony,Rodriguez,670-16-1297,1,1990-10-16 19:20:36.361520,99,"[1, 6, 7, 5]",[0],0,0,2023-03-01
1cbe43d0,Robert,Williams,367-55-3598,1,1997-07-12 19:20:36.361528,8,"[6, 5]",[0],0,1,2023-05-19
2b4a11ae,Joseph,Jones,980-74-1523,1,1954-08-01 19:20:36.361537,1,[9],[0],0,8,2022-05-21
b64ac2b6,Emily,Brown,445-65-2867,1,2006-12-07 19:20:36.361545,1,[5],[1],0,1,2022-05-12
ce2ce51a,David,Jackson,223-81-4671,1,1996-05-02 19:20:36.361553,1,[2],[1],0,1,2023-09-06
ef0704fd,Robert,Jackson,448-55-1764,9,1952-11-24 19:20:36.361561,1,[5],[1],0,0,2021-03-12
6f9ceeb9,James,Lewis,670-44-3476,1,1973-04-02 19:20:36.361569,2,[5],[0],0,0,2023-01-11
6d2038df,Margaret,Martinez,994-XX-XXXX,1,1972-10-08 19:20:36.361577,1,"[3, 5]",[1],0,0,2021-02-27
8516b823,Karen,Jones,785-23-1826,1,2002-05-05 19:20:36.361586,1,"[1, 3, 5]",[0],1,0,2021-10-30
9d807222,Thomas,Lee,548-XX-XXXX,9,2003-01-10 19:20:36.361594,1,[6],[1],0,1,2022-06-20
503867f0,David,King,961-24-2734,8,1992-08-24 19:20:36.361602,1,[5],[0],0,1,2024-05-24
5089ad70,Daniel,Hernandez,724-23-1687,1,1976-11-03 19:20:36.361610,1,[2],[1],0,1,2023-07-22
7714dde0,Matthew,Davis,271-90-2934,1,1987-05-03 19:20:36.361618,1,"[3, 5]",[0],0,0,2021-10-29
5c96aa71,Elizabeth,Williams,470-XX-XXXX,2,1999-09-17 19:20:36.361626,8,[6],[1],0,1,2022-06-05
0ad6d9c7,Sarah,Thomas,399-66-9288,1,2005-07-12 19:20:36.361635,1,[3],[5],0,1,2022-05-22
7ffcd7d0,Donald,Miller,991-22-3527,1,1980-05-11 19:20:36.361643,1,"[3, 5]",[1],0,0,2024-05-18
9bdf4c50,Elizabeth,Anderson,442-27-3014,1,2006-02-02 19:20:36.361651,1,"[3, 5]",[1],1,9,2024-03-30
fb0f7d4d,Anthony,Miller,549-63-1107,1,2002-09-21 19:20:36.361659,1,[6],[4],0,8,2021-11-27
7fffb235,Charles,Robinson,928-70-6592,8,1986-12-08 19:20:36.361667,1,[5],[1],0,0,2021-01-26
867b45d5,Lisa,Young,275-20-5358,9,2000-07-22 19:20:36.361675,1,[3],[1],0,1,2021-08-28
aa8d05be,Robert,Jackson,872-63-6908,1,2006-09-28 19:20:36.361683,1,[3],[0],0,1,2021-07-09
18817a0f,Sandra,Jones,351-29-9677,1,2005-12-11 19:20:36.361692,1,[6],[1],0,1,2023-02-27
74ed0b07,Charles,Wilson,333-27-8025,1,1999-03-13 19:20:36.361700,1,[6],[0],0,1,2023-03-26
434b38e5,Margaret,Allen,519-68-9456,1,2002-12-09 19:20:36.361708,1,"[3, 5]",[1],0,1,2024-04-15
0d8a02f0,Emily,White,470-13-8251,8,1996-02-11 19:20:36.361716,1,"[6, 5]",[1],0,1,2021-06-14
4a936a9e,Emily,Lee,110-76-2140,8,2006-08-26 19:20:36.361724,1,[8],[1],0,1,2023-11-28
00a1e776,Joseph,Martin,422-61-3692,2,1991-03-18 19:20:36.361732,1,"[2, 3, 6]",[0],0,1,2022-01-22
59334f17,David,Moore,502-14-3473,1,1999-03-19 19:20:36.361741,1,[5],[1],0,1,2023-05-17
ce7f132e,Matthew,Walker,159-XX-XXXX,1,2010-10-01 19:20:36.361749,1,"[4, 5]",[0],0,1,2021-12-06
214fa6b8,Patricia,Lewis,830-XX-XXXX,1,1992-10-13 19:20:36.361757,1,[5],[1],0,1,2023-05-25
a5924315,Margaret,Walker,996-76-5845,8,2007-03-19 19:20:36.361766,1,[5],[0],0,0,2022-06-02
573b26aa,Sarah,Martinez,797-99-5986,1,2008-02-20 19:20:36.361774,99,[3],[1],0,0,2022-09-11
6a8e65d8,Donald,Martinez,421-54-1129,1,1943-07-15 19:20:36.361782,1,[5],[1],0,1,2023-10-23
ee129d73,Mary,Moore,640-88-3406,1,2006-06-25 19:20:36.361790,1,[5],[1],0,1,2023-12-28
0eb1455d,Robert,Walker,556-92-4360,1,1974-02-25 19:20:36.361798,1,"[3, 6]",[1],0,0,2023-02-23
a67235ac,Lisa,Hall,739-XX-XXXX,1,2007-06-17 19:20:36.361807,2,[5],[1],0,0,2024-04-15
6fcf6dfb,Karen,Hall,767-66-6656,1,1990-02-22 19:20:36.361815,1,[6],[0],1,0,2022-09-23
040288c3,Patricia,Clark,900-XX-XXXX,1,1993-05-06 19:20:36.361823,1,[5],[0],0,99,2023-04-23
11f8cbca,Elizabeth,Jackson,894-35-5940,1,1994-09-25 19:20:36.361831,1,[3],[1],0,1,2021-07-02
217ed707,James,Thomas,650-52-7389,1,1997-03-07 19:20:36.361839,1,[7],[1],0,9,2021-08-12
fbd1134d,Richard,Martin,857-26-9527,1,1999-01-21 19:20:36.361848,1,[7],[1],0,1,2024-03-18
9f07cb24,Nancy,Rodriguez,390-XX-XXXX,1,1993-06-09 19:20:36.361856,1,[3],[1],0,1,2022-12-07
e4e32088,Mark,Robinson,623-80-6115,1,1965-03-31 19:20:36.361864,8,[2],[1],0,1,2021-10-20
df9054b2,Linda,Jackson,875-91-3621,1,1970-06-01 19:20:36.361872,1,"[3, 5]",[0],0,1,2022-07-05
093bbec5,Joseph,Martin,915-79-5238,1,1955-09-17 19:20:36.361880,1,[3],[1],0,0,2022-03-06
b8e77d8f,Susan,Thompson,892-48-7926,1,2002-06-11 19:20:36.361889,1,[5],[1],0,8,2023-03-27
f6a97bb3,John,Moore,213-XX-XXXX,2,1988-04-05 19:20:36.361897,2,[6],[1],0,1,2022-09-23
9267e16e,David,Brown,961-57-5255,1,1954-08-25 19:20:36.361905,1,[99],[0],1,1,2021-01-14
0577e181,Mary,Walker,462-25-1782,1,2001-04-28 19:20:36.361913,2,[3],[1],0,99,2021-12-11
2884eea2,Nancy,Harris,227-67-5881,1,2009-10-22 19:20:36.361921,1,[5],[1],0,1,2023-10-05
7541e27c,Daniel,Jones,105-68-6553,1,1984-03-01 19:20:36.361929,1,"[1, 6]",[1],0,1,2021-01-04
c6567f0d,Michael,Jones,924-XX-XXXX,1,1983-04-06 19:20:36.361937,1,[99],[4],0,0,2021-07-18
4e939ecf,Charles,Moore,695-82-9737,1,1979-07-26 19:20:36.361945,1,[5],[1],0,1,2021-05-24
13668055,Thomas,Martin,339-54-5902,99,2005-06-17 19:20:36.361954,1,[3],[3],1,1,2023-05-06
7479e299,Linda,Martin,903-83-3293,1,1971-09-06 19:20:36.361962,1,"[1, 6]",[1],0,0,2023-12-12
2fa35dfb,Sandra,Wilson,632-41-2724,8,2006-11-15 19:20:36.361970,1,[3],[1],0,0,2023-05-04
91c122f5,Emily,Clark,696-34-6919,1,2004-03-24 19:20:36.361978,1,[3],[0],0,1,2022-08-14
9aca855a,Anthony,Brown,250-64-7751,2,2002-04-10 19:20:36.361986,1,"[2, 5]","[0, 5]",0,0,2023-06-02
11d02267,William,Smith,163-64-3130,1,1965-11-20 19:20:36.361994,1,[1],[9],0,1,2021-12-16
d88a0e75,Michael,Jones,556-19-7050,1,1984-07-24 19:20:36.362002,1,"[6, 5]","[0, 5]",0,9,2021-12-28
bf8011cf,James,Lee,512-85-9502,1,1987-11-30 19:20:36.362011,1,"[6, 5]",[0],0,8,2023-02-07
5ed3eaed,John,Johnson,992-43-9172,1,1994-05-12 19:20:36.362019,1,[5],[1],0,0,2022-01-17
05c13ae0,Karen,Allen,550-98-9020,1,1977-09-26 19:20:36.362027,9,[3],[1],0,8,2021-10-03
1dac774d,Ashley,Williams,526-30-3364,1,1987-09-21 19:20:36.362035,1,[6],[1],0,0,2022-02-10
74b237b1,Joseph,Martin,596-68-3119,1,1962-12-26 19:20:36.362043,1,[1],[0],0,0,2023-09-24
1ad8af7e,Lisa,Rodriguez,625-XX-XXXX,1,1994-03-17 19:20:36.362051,9,[3],[0],0,1,2022-01-08
6de37021,Lisa,Smith,220-XX-XXXX,1,1987-08-17 19:20:36.362060,1,[3],[1],0,1,2023-10-27
00d4cd79,John,Davis,566-70-1534,9,1989-11-05 19:20:36.362068,1,"[1, 6, 5]",[1],0,1,2021-08-14
ee1b2a07,Thomas,Jackson,672-57-2945,99,2004-10-12 19:20:36.362076,1,[9],[1],0,1,2023-07-12
fa6b74ed,Richard,Robinson,518-24-2980,9,1997-04-18 19:20:36.362084,99,[7],[0],0,0,2024-03-07
7dadb87c,Michael,Rodriguez,396-15-9565,1,1984-04-16 19:20:36.362092,1,[3],[0],0,0,2022-03-12
bb1f28ee,Sarah,Anderson,480-49-7135,1,2002-02-20 19:20:36.362100,1,"[3, 5]",[1],0,1,2022-01-16
95bf2763,David,Brown,597-13-3340,9,1969-03-03 19:20:36.362109,1,"[3, 6, 5]",[0],0,1,2022-02-16
3e7670e0,Nancy,Taylor,703-63-1797,1,1990-12-11 19:20:36.362117,1,[3],[1],0,1,2021-05-01
165f8136,Nancy,Robinson,412-XX-XXXX,99,1996-06-12 19:20:36.362125,1,[8],[1],0,0,2022-01-10
99216757,Thomas,Robinson,320-XX-XXXX,99,1965-10-21 19:20:36.362133,1,[3],[4],0,1,2022-01-28
024577b4,Mary,Jones,857-72-1034,8,1987-10-10 19:20:36.362141,1,[3],[1],1,0,2022-06-16
acffed5e,Emily,Walker,457-18-1732,1,2002-06-20 19:20:36.362149,1,[5],[1],1,0,2023-04-18
a59fef64,Lisa,Williams,686-49-8411,1,1942-12-15 19:20:36.362158,1,"[1, 3, 5]",[0],0,1,2023-06-22
23a30299,Susan,Rodriguez,900-XX-XXXX,8,1991-02-25 19:20:36.362166,1,"[3, 5]",[0],0,0,2021-08-12
390bee08,Richard,Walker,954-87-3175,1,1983-09-22 19:20:36.362174,1,"[3, 5]",[1],0,0,2021-12-07
e55dee77,Robert,Thompson,616-91-8551,1,2005-04-23 19:20:36.362182,1,"[1, 3]",[0],0,1,2021-06-13
332d2f3d,Matthew,Walker,783-67-3440,1,1973-02-16 19:20:36.362190,1,"[3, 6, 5]",[1],0,1,2022-08-24
7b0633e7,Ashley,Martin,433-XX-XXXX,9,1981-11-16 19:20:36.362198,1,"[6, 5]",[0],0,1,2021-06-25
6e99b865,Jessica,Hall,739-95-7711,1,1980-04-11 19:20:36.362206,1,"[3, 5]",[1],0,0,2023-02-13
4a4bd466,Susan,Harris,504-53-9863,1,1965-02-12 19:20:36.362215,1,"[6, 5]","[0, 5]",0,0,2021-09-13
f032917c,Richard,Miller,786-66-5544,1,1964-10-16 19:20:36.362223,1,[6],[1],0,0,2022-07-21
3053103f,Susan,Taylor,986-31-1406,1,2005-12-29 19:20:36.362231,1,"[3, 5]",[1],0,0,2021-05-12
bf134d4c,James,Rodriguez,915-49-3028,99,2004-06-22 19:20:36.362239,1,[5],[0],0,1,2022-12-02
ba8159e8,Elizabeth,Martin,187-34-9877,1,2002-08-05 19:20:36.362248,2,"[3, 4, 5]",[1],0,1,2021-03-02
8d9d0311,Susan,Martin,154-82-9548,1,1990-12-31 19:20:36.362256,2,"[3, 5]",[0],0,1,2024-04-14
4360892f,Susan,Thompson,587-74-1305,8,2008-03-28 19:20:36.362264,1,"[1, 3]",[1],0,1,2022-04-26
6b19e9cf,Elizabeth,Moore,644-33-1310,1,1998-05-21 19:20:36.362272,1,[3],[1],1,1,2023-09-06
eca54c9d,Joseph,Garcia,310-41-8278,1,1991-05-28 19:20:36.362281,99,"[3, 5]",[1],0,1,2023-09-21
d40ebfda,Ashley,Anderson,646-87-6249,1,1973-07-11 19:20:36.362289,1,[5],[2],0,1,2021-07-26
036cf938,Karen,Hall,146-72-1381,1,2000-08-25 19:20:36.362297,1,[5],[0],0,1,2021-01-20
08d59e58,John,Young,284-63-1394,1,1972-01-25 19:20:36.362306,1,"[1, 3, 5]",[2],0,1,2021-05-06
55f8c028,Michael,Garcia,424-XX-XXXX,2,2003-08-11 19:20:36.362314,1,[3],[0],1,0,2022-06-29
3b4953c7,Margaret,Garcia,193-24-2627,2,1965-02-26 19:20:36.362322,1,[1],"[0, 5]",0,1,2021-01-15
4c2a9e47,Donald,Smith,392-28-3992,8,2001-11-27 19:20:36.362330,1,[7],[0],0,99,2024-04-07
77d92138,Joseph,Walker,191-29-6026,9,1993-09-28 19:20:36.362339,1,[3],[1],0,0,2021-03-27
abd11425,Margaret,Johnson,794-XX-XXXX,1,1967-01-16 19:20:36.362347,1,[7],[1],1,0,2021-07-18
a7f4297b,Jessica,White,729-51-3973,1,2004-05-15 19:20:36.362355,1,"[3, 5]",[1],0,1,2022-03-09
66da929a,Sandra,Hernandez,159-48-7388,2,2005-10-16 19:20:36.362363,1,"[1, 5]",[1],0,1,2023-12-06
b28db3e4,Joseph,King,245-62-6311,1,2000-07-25 19:20:36.362371,1,[3],[0],0,1,2021-01-15
82543b88,Elizabeth,Jones,947-25-1849,1,1987-06-01 19:20:36.362379,1,[3],[0],0,1,2023-02-09
3814f00a,Jennifer,Jackson,870-86-4874,2,1994-09-28 19:20:36.362388,1,"[1, 3, 5]",[0],0,0,2024-05-19
2a6d53c4,Sandra,Harris,870-74-7308,8,1984-01-28 19:20:36.362396,1,[8],[1],0,1,2023-12-02
f5d7495f,Margaret,Anderson,375-XX-XXXX,1,1998-12-07 19:20:36.362404,1,"[6, 5]",[1],0,1,2022-06-29
e0be473a,Donald,Young,575-80-7669,1,2006-07-16 19:20:36.362412,2,[3],[0],0,1,2023-09-23
1ab33164,Jessica,Jackson,129-62-4829,1,1986-07-15 19:20:36.362421,1,[9],[1],0,1,2023-08-28
996f77b8,Margaret,Harris,119-XX-XXXX,1,2001-01-23 19:20:36.362429,9,"[3, 5]",[1],0,0,2022-11-22
f618d98a,Donald,Harris,700-96-2663,1,1962-12-15 19:20:36.362437,1,"[1, 3, 5]",[1],0,0,2024-05-22
7ff8fb70,Jessica,Johnson,668-93-3057,1,1981-04-13 19:20:36.362445,1,"[3, 5]",[1],0,0,2023-05-30
33dff7f6,Robert,Johnson,516-67-2374,1,1985-11-12 19:20:36.362453,1,[5],[0],1,1,2022-11-21
1c706540,Mark,Davis,612-36-3332,1,1984-02-16 19:20:36.362462,8,[3],[0],0,0,2023-01-30
ff1520c6,Charles,Garcia,272-41-9806,1,1945-02-15 19:20:36.362470,1,"[3, 5]","[0, 5]",0,1,2022-12-04
ba7d4e0a,Nancy,Rodriguez,668-XX-XXXX,1,2006-01-16 19:20:36.362479,1,"[3, 5]",[1],0,1,2022-10-08
29654c8a,John,Young,101-69-5739,1,1986-05-12 19:20:36.362487,1,[6],[1],0,0,2022-05-06
825f357f,Robert,Walker,271-10-1985,2,1992-10-28 19:20:36.362495,1,"[2, 5]",[1],0,0,2023-01-10
04d06f6f,Michael,Taylor,593-XX-XXXX,1,1991-12-28 19:20:36.362503,1,"[3, 6]",[1],0,0,2023-03-28
8bce3a9b,Elizabeth,Hernandez,356-97-7228,1,2008-10-30 19:20:36.362516,8,[5],[1],0,8,2023-02-15
31121cea,Sarah,Lewis,962-XX-XXXX,1,1972-05-07 19:20:36.362525,1,"[3, 5]",[0],0,0,2024-06-04
8e9e082a,Ashley,Davis,699-75-5609,2,1948-08-22 19:20:36.362533,1,[5],[1],1,1,2021-04-28
89d7503f,Thomas,Martin,856-78-2145,1,1991-05-23 19:20:36.362542,1,[5],[1],0,1,2022-12-31
bc1ff4ad,David,White,504-99-3014,1,1992-04-01 19:20:36.362550,1,[1],[1],0,1,2022-11-08
da487eff,John,Brown,842-81-5578,1,1968-12-23 19:20:36.362558,1,[7],[4],0,8,2021-07-25
296c1e3a,Emily,Taylor,315-XX-XXXX,1,1998-07-10 19:20:36.362566,1,[4],[1],0,1,2021-01-07
44642a03,Charles,Lewis,921-50-6613,1,2006-05-21 19:20:36.362574,1,[3],[0],0,99,2023-07-25
d0b69b07,Anthony,Jackson,870-67-5473,1,1987-10-01 19:20:36.362582,9,[2],[1],1,0,2023-04-03
b2ad7ab7,Richard,Martin,429-53-4450,1,1995-09-23 19:20:36.362590,1,[99],[1],0,0,2021-10-12
e1571eab,John,Walker,713-52-1260,1,1994-08-18 19:20:36.362599,1,"[6, 5]",[0],0,1,2021-02-22
c81907eb,James,Jones,236-XX-XXXX,99,1987-02-25 19:20:36.362607,1,[3],[6],0,9,2024-05-17
a5605724,Jessica,Martinez,102-87-8807,1,1951-12-27 19:20:36.362615,99,[7],[1],0,1,2021-09-09
438577bd,Daniel,Rodriguez,109-96-3843,1,1965-02-26 19:20:36.362623,1,[3],[1],0,0,2023-12-23
474ae8d7,Emily,Martin,813-72-7435,2,1999-06-05 19:20:36.362631,1,[6],[1],0,0,2022-07-27
17bcf859,William,Rodriguez,906-93-2270,1,2001-02-14 19:20:36.362640,2,[9],[0],1,9,2022-05-25
1d61b8bc,Jessica,Garcia,952-95-8293,1,1949-12-05 19:20:36.362648,1,[3],[0],1,0,2023-01-25
0538759c,Jennifer,Rodriguez,461-58-6864,1,1978-12-03 19:20:36.362656,1,[5],[1],0,1,2023-07-15
4c9b9149,Karen,Garcia,959-99-1138,1,2004-01-16 19:20:36.362665,1,"[6, 5]",[0],0,1,2024-06-20
aec11bdd,Joseph,Martinez,479-34-8283,99,1979-03-27 19:20:36.362673,8,[6],[1],0,1,2023-09-01
2057a9bd,Matthew,Martin,860-12-5606,2,1970-03-10 19:20:36.362681,1,[7],[1],0,1,2023-11-21
8244a76b,Charles,Martin,826-55-4137,1,1986-12-20 19:20:36.362689,1,"[1, 3]",[0],0,1,2023-04-27
89eee176,Anthony,Garcia,728-90-5967,1,1982-11-18 19:20:36.362698,1,[1],[99],0,0,2022-01-20
0dfd7ba3,Emily,Young,326-39-9090,1,1993-01-13 19:20:36.362706,1,"[6, 5]",[8],0,8,2021-01-07
a9ac581f,Robert,Davis,137-XX-XXXX,1,2011-04-29 19:20:36.362714,1,[6],[1],0,1,2022-10-22
6f2e0f6d,Michael,Thompson,820-87-4425,1,1987-01-16 19:20:36.362722,1,"[3, 6]",[1],0,8,2021-02-04
6c5db60e,Jennifer,Johnson,940-91-7489,1,1979-03-08 19:20:36.362730,1,"[3, 6, 5]",[1],0,0,2023-01-08
b449a76b,Mark,Jackson,384-82-9197,1,2009-10-08 19:20:36.362739,1,[6],[0],0,99,2021-04-04
8808b272,Richard,Moore,665-34-3875,1,1988-06-28 19:20:36.362747,1,"[3, 5]",[0],0,1,2022-10-29
d86497ea,Elizabeth,Martin,231-18-3087,1,1986-07-18 19:20:36.362755,1,[7],[1],0,0,2023-06-29
21f492ed,Karen,Martinez,683-39-9570,99,1980-12-23 19:20:36.362763,2,[3],[1],0,0,2022-04-24
ebdb4e6b,Sarah,Jackson,380-34-1378,1,1979-03-06 19:20:36.362771,1,[5],[6],0,1,2024-05-27
a18fc403,Mary,Robinson,809-XX-XXXX,1,1981-12-08 19:20:36.362780,1,"[3, 5]",[1],0,1,2023-09-20
02f2019e,Mark,Rodriguez,729-42-8437,1,2000-08-06 19:20:36.362788,1,[5],[1],0,1,2023-03-31
a7bf5549,Mark,Thomas,537-92-1849,1,1980-02-16 19:20:36.362796,1,"[3, 6]",[1],0,0,2024-06-08
f7463db0,Elizabeth,Walker,430-XX-XXXX,1,1996-01-26 19:20:36.362804,1,[5],[0],0,0,2021-06-16
b3fb0cfe,Mark,Taylor,516-45-2994,1,2006-08-22 19:20:36.362812,1,"[3, 6]",[0],0,1,2022-12-15
f6ae55ec,Charles,Anderson,577-73-6922,2,1992-03-09 19:20:36.362820,1,"[6, 5]",[0],0,1,2023-05-27
e393a7b6,Elizabeth,Johnson,144-38-1769,1,2005-05-31 19:20:36.362829,1,"[6, 5]",[3],0,1,2023-09-03
e9c23eb5,Sarah,Smith,530-78-8354,1,2004-04-02 19:20:36.362837,1,[5],[1],0,99,2021-07-25
b8602fd2,Karen,Martinez,501-34-6483,1,1990-03-10 19:20:36.362845,1,"[1, 3]",[1],0,99,2023-02-28
ba68cabf,Margaret,Johnson,685-13-4696,1,1992-02-17 19:20:36.362853,1,"[3, 5]",[1],0,9,2022-08-25
7fee35f2,Joseph,Brown,533-XX-XXXX,8,1971-08-15 19:20:36.362861,1,[3],[0],0,1,2024-05-28
1d4db572,Linda,Allen,355-XX-XXXX,1,1985-09-12 19:20:36.362869,1,[1],[3],0,1,2022-02-04
99e61db4,James,Thomas,437-49-2029,1,1983-08-27 19:20:36.362877,1,[7],[1],0,1,2021-10-21
17246e69,Sandra,Thomas,199-13-8863,1,1989-05-29 19:20:36.362885,2,[5],[0],0,1,2023-12-02
8e9111cb,James,Hall,124-85-6477,1,2011-10-17 19:20:36.362894,1,"[3, 5]",[0],0,1,2024-03-17
3242878d,Robert,Lee,353-23-8759,1,1999-09-03 19:20:36.362902,1,"[6, 5]",[1],0,0,2023-10-31
7025cfc9,William,Martinez,448-16-6465,1,2006-06-06 19:20:36.362910,1,"[2, 3]",[1],0,1,2021-03-07
162cb68c,Elizabeth,Smith,342-19-8184,1,1961-11-13 19:20:36.362918,1,"[3, 6]",[1],0,0,2021-09-19
70fd69a7,Daniel,Walker,740-67-3045,1,2006-05-17 19:20:36.362926,1,"[6, 5]",[1],0,1,2023-10-17
c93958b2,Mark,Hernandez,162-14-7183,1,1996-01-20 19:20:36.362934,8,[5],[0],0,8,2021-06-28
25a91396,Daniel,Clark,968-98-2065,1,2002-07-21 19:20:36.362942,1,"[6, 5]",[1],0,1,2022-09-10
50f2ee38,Sarah,Anderson,163-66-1897,1,1944-06-12 19:20:36.362951,1,[6],[0],0,0,2024-01-29
d74a6547,Patricia,Jackson,741-65-2077,1,1985-09-28 19:20:36.362959,1,"[6, 5]",[1],0,99,2023-08-15
c09e3334,Daniel,Jones,157-81-1855,1,1992-03-15 19:20:36.362967,2,[5],[99],0,1,2021-12-11
473ec4fb,Lisa,White,490-61-2570,1,2010-11-09 19:20:36.362975,1,[5],[1],0,0,2023-07-03
39bdcd50,Donald,Thomas,520-39-1173,8,1981-07-26 19:20:36.362983,1,[6],[0],0,0,2021-08-25
39d34abf,Elizabeth,Thomas,575-64-2659,1,2001-06-26 19:20:36.362992,1,[4],[0],1,0,2023-09-15
e78aaa1d,Jessica,White,791-13-8439,1,1970-08-01 19:20:36.363000,1,[5],[1],0,0,2024-01-13
a3a703fc,Jennifer,Thomas,701-34-2769,1,2003-09-04 19:20:36.363008,1,[3],[1],0,99,2022-05-09
7e09d7b4,Sarah,Johnson,709-18-4172,1,2004-11-26 19:20:36.363016,9,"[2, 3, 5]",[1],0,1,2022-05-14
bed4022f,Emily,Rodriguez,229-XX-XXXX,1,2009-02-24 19:20:36.363024,1,"[3, 6]",[0],0,8,2022-03-10
fa6361fe,Matthew,Wilson,362-55-7897,1,1994-08-12 19:20:36.363033,2,[5],[1],0,1,2021-12-16
2e686e5b,Daniel,Wilson,735-66-4046,9,1981-10-04 19:20:36.363041,1,[6],[0],0,0,2021-07-03
914b0ec9,Linda,Wilson,916-15-1991,1,2011-07-25 19:20:36.363049,1,[5],[3],0,1,2021-08-05
0c3c4234,James,Clark,698-65-9407,1,1990-10-05 19:20:36.363057,1,[3],[0],0,0,2023-06-10
548c86d9,Patricia,Taylor,872-XX-XXXX,1,1981-07-23 19:20:36.363065,1,"[3, 5]",[3],0,1,2021-03-01
4a8b20db,Anthony,Martinez,697-79-3385,1,1982-09-01 19:20:36.363074,2,"[6, 5]",[1],0,9,2021-11-25
9d5059df,William,Williams,416-87-6618,1,1988-12-22 19:20:36.363082,1,[1],[0],0,1,2022-10-31
fbcd5b4c,Sarah,King,108-76-3369,9,1986-10-18 19:20:36.363090,1,"[3, 6]",[1],0,1,2023-02-25
e9ce4ef3,John,Lewis,619-81-1894,1,1989-08-16 19:20:36.363098,1,[3],[0],0,0,2022-07-29
2a161286,Nancy,Williams,300-35-4297,99,2002-10-21 19:20:36.363106,1,[3],"[0, 5]",0,0,2022-03-28
c56f6ee1,Margaret,Young,449-34-8794,9,2005-09-10 19:20:36.363114,1,[3],[0],0,0,2022-06-12
a4c0a593,Susan,Taylor,578-86-6425,1,1966-01-19 19:20:36.363122,1,[3],[0],0,1,2023-09-03
8a51d3ad,Charles,Jones,679-XX-XXXX,1,1959-02-19 19:20:36.363131,1,"[3, 4, 5]",[1],0,0,2021-09-10
7c08d454,Sarah,Anderson,730-XX-XXXX,1,1988-10-30 19:20:36.363139,8,[6],[1],1,1,2021-10-06
5c54a9d7,Charles,Davis,436-30-2717,1,2001-01-25 19:20:36.363147,1,"[6, 5]",[0],0,1,2023-12-31
668cafd9,Jessica,Smith,908-15-9125,1,1996-02-09 19:20:36.363155,1,[6],[8],0,1,2023-10-05
a402cde7,Ashley,Garcia,103-91-4654,1,1994-12-26 19:20:36.363163,1,"[3, 5]",[0],0,0,2021-07-05
442707bf,William,Anderson,577-89-4492,1,2009-11-04 19:20:36.363171,1,[3],[1],0,0,2022-11-13
1a915763,Daniel,Johnson,852-52-7158,1,2000-12-16 19:20:36.363180,1,"[2, 3]",[1],0,9,2022-04-04
6634f7eb,Lisa,Harris,288-10-6944,2,1985-01-26 19:20:36.363188,1,[1],[1],0,1,2024-03-25
6430d951,Sarah,Rodriguez,466-13-2887,1,1986-11-22 19:20:36.363196,2,"[3, 5]",[0],0,1,2024-05-15
cb9c5b60,Matthew,Young,550-34-6896,2,2010-04-03 19:20:36.363204,1,[5],[0],0,0,2021-05-13
aab8774c,Mark,White,130-35-4241,1,2001-05-15 19:20:36.363212,1,[6],[1],0,99,2022-12-04
f4178587,Patricia,Martinez,324-43-3855,1,2001-08-04 19:20:36.363220,1,"[1, 3, 6, 5]",[1],0,1,2023-02-12
90981d44,Susan,Thompson,667-41-3925,1,1992-02-02 19:20:36.363229,1,"[3, 6]",[5],0,1,2023-02-21
11b4a280,Thomas,Hernandez,280-43-2657,1,2011-01-21 19:20:36.363237,1,[4],[1],0,8,2024-02-25
8e68a32c,Margaret,White,793-27-7208,8,2002-11-09 19:20:36.363245,1,"[3, 5]",[0],0,0,2023-06-14
9c75c9da,Charles,Moore,213-53-4444,1,1967-04-07 19:20:36.363253,1,[3],[1],0,1,2022-04-23
d20caa47,James,Smith,345-57-7100,2,2007-01-06 19:20:36.363261,1,[5],[0],0,1,2022-04-03
0739c7bc,Ashley,Lewis,639-89-8106,1,1990-06-19 19:20:36.363269,1,[5],[1],0,0,2022-06-15
71d03235,William,Martin,166-XX-XXXX,1,2004-05-31 19:20:36.363278,1,[3],[1],0,99,2021-08-25
270317d0,Jennifer,Martinez,233-34-4140,2,2005-05-07 19:20:36.363286,99,"[6, 5]",[99],0,1,2022-08-19
4375ef53,Charles,Smith,811-57-6209,2,2005-04-26 19:20:36.363294,1,[5],[2],0,1,2021-06-29
70cf371e,Mary,Anderson,751-41-1756,99,1980-09-28 19:20:36.363302,1,[99],[0],0,0,2021-08-17
bf5ad27b,Robert,Jackson,701-34-9773,1,1970-12-15 19:20:36.363310,1,[5],[1],0,0,2021-07-02
62b0d28f,David,Martinez,252-51-5049,1,1979-01-02 19:20:36.363318,1,"[3, 5]",[1],0,1,2022-11-28
24cbb3ef,Joseph,Jackson,914-45-3071,2,1994-08-07 19:20:36.363327,1,[2],[1],0,1,2024-04-27
7cc9e208,Donald,Anderson,698-XX-XXXX,1,1993-02-23 19:20:36.363335,1,"[3, 6]",[0],0,0,2022-01-21
d5aba1bd,Matthew,Martinez,314-XX-XXXX,9,2003-12-07 19:20:36.363343,8,[3],[0],0,1,2021-08-26
74ccc3d5,Robert,Jones,903-70-2062,8,2001-05-17 19:20:36.363351,1,"[6, 5]",[1],0,1,2024-03-19
04dd34b9,Susan,Hall,497-92-9342,1,1963-11-01 19:20:36.363359,1,[5],[0],0,0,2023-01-24
6d03ccae,Jennifer,Martin,631-69-3932,2,2009-01-29 19:20:36.363367,1,[1],[1],0,1,2021-09-18
468e2f07,Mary,Jones,482-77-8918,2,2001-09-09 19:20:36.363375,1,[5],"[0, 5]",0,0,2022-10-04
b1b0f133,William,Lewis,606-70-5396,1,2007-04-19 19:20:36.363383,1,"[3, 5]",[0],0,99,2023-02-18
a6518269,Susan,Rodriguez,753-84-1599,9,2011-02-20 19:20:36.363392,1,"[1, 6, 5]",[0],0,1,2024-03-27
5a1fef0d,Jessica,Miller,307-67-4840,1,2002-05-16 19:20:36.363400,2,[3],[1],0,0,2021-01-04
75d2ddc1,Daniel,Anderson,413-64-7178,2,1990-10-16 19:20:36.363408,1,[5],[1],0,1,2022-09-29
4e0dc555,Emily,Martin,962-57-5170,1,1982-03-18 19:20:36.363416,1,[3],[0],0,1,2021-05-07
d45f14ed,Susan,Thompson,237-20-5834,8,1963-12-18 19:20:36.363424,1,"[2, 6, 5]",[0],0,1,2024-04-23
60712528,Mary,Hall,460-39-1674,1,1963-04-04 19:20:36.363433,2,[3],[1],0,1,2024-01-02
a82e9b81,Elizabeth,Walker,736-53-7981,1,1986-12-14 19:20:36.363441,1,"[3, 5]",[0],0,1,2022-01-24
4667b66a,Elizabeth,Rodriguez,542-62-7021,9,2005-03-20 19:20:36.363449,1,[1],[0],0,0,2023-03-06
9cc84451,Thomas,Anderson,424-44-7264,1,1986-05-06 19:20:36.363457,1,[3],[9],0,0,2023-05-18
a752e594,Daniel,Davis,552-39-5351,1,1991-05-15 19:20:36.363465,1,[6],[1],0,0,2022-10-17
551c9d22,Emily,Robinson,467-20-5825,99,2006-07-17 19:20:36.363473,1,"[1, 3, 6]",[0],0,1,2023-01-18
7c5d31f8,John,Taylor,625-79-2280,99,1994-04-11 19:20:36.363482,1,[5],[1],0,8,2021-09-16
556893ba,Thomas,Thomas,333-22-2942,1,1996-12-18 19:20:36.363490,1,[8],[0],0,1,2023-12-01
f12f2a55,Michael,White,139-79-4281,1,1995-06-13 19:20:36.363498,2,"[2, 3, 5]",[0],0,0,2024-05-17
4751403f,Anthony,Miller,791-52-5096,1,1994-01-15 19:20:36.363507,1,"[3, 6]",[0],0,1,2024-04-24
ef4443d8,Daniel,Martin,935-97-5496,1,2004-11-19 19:20:36.363515,1,"[6, 5]",[1],0,1,2022-03-31
3d0c4899,Jennifer,Clark,718-27-9898,1,1945-11-30 19:20:36.363523,1,[3],[1],0,1,2021-08-07
4b442f15,Anthony,Young,108-XX-XXXX,1,1991-07-31 19:20:36.363532,1,[6],[0],1,8,2023-03-21
3b7f666a,Patricia,Hall,388-54-7616,2,2001-06-10 19:20:36.363540,1,[5],[0],0,0,2021-01-19
c6c0b3db,Nancy,Williams,941-XX-XXXX,2,1970-06-01 19:20:36.363548,1,"[3, 5]",[1],0,0,2024-01-08
b8bfd911,Anthony,Allen,771-11-8733,2,1989-06-21 19:20:36.363556,1,[6],"[1, 5]",0,8,2023-08-02
57ca749c,Jennifer,Young,879-29-7512,1,1970-09-18 19:20:36.363564,1,"[3, 5]",[1],0,1,2022-10-10
a1405be3,Karen,Garcia,840-36-8773,1,1975-05-07 19:20:36.363572,1,[3],"[1, 5]",0,1,2021-10-24
e33051db,David,Miller,701-80-8679,1,1999-08-22 19:20:36.363580,1,[1],[1],0,1,2022-08-31
60060541,Ashley,Taylor,572-53-2406,1,2008-04-19 19:20:36.363589,8,[3],[0],0,1,2022-03-25
2dda4123,David,Moore,292-64-7843,1,2002-07-15 19:20:36.363597,1,[6],[0],0,1,2023-10-21
29655be4,Mark,Johnson,560-81-1493,8,1980-01-15 19:20:36.363605,1,"[3, 6, 5]",[1],0,1,2023-07-23
0e406d24,Ashley,Taylor,691-26-6006,1,1997-09-12 19:20:36.363613,1,"[3, 5]",[1],0,1,2021-10-29
82f482cb,Lisa,Martinez,109-XX-XXXX,1,2003-04-25 19:20:36.363621,1,[3],[4],0,1,2024-05-16
4451e0e5,Sandra,Jackson,774-55-6567,1,2004-01-15 19:20:36.363629,1,[4],[1],0,1,2022-08-04
a843f24f,Elizabeth,Hall,535-97-7608,2,1965-04-05 19:20:36.363638,1,[5],[0],0,1,2021-10-26
f13022e0,William,Wilson,807-78-5909,1,1957-09-02 19:20:36.363646,1,"[3, 6, 5]",[1],0,1,2021-03-12
d3f4ad61,Lisa,Robinson,123-82-1527,1,1992-01-19 19:20:36.363654,1,"[1, 3, 5]",[0],1,1,2024-05-11
f619f82c,Matthew,Lee,257-XX-XXXX,1,2007-08-14 19:20:36.363662,1,[3],[1],0,0,2022-10-18
3076e799,Matthew,Williams,438-XX-XXXX,1,2004-01-09 19:20:36.363670,1,[2],[0],0,1,2022-09-25
9c71f46a,Susan,Lewis,918-87-7404,1,2011-11-24 19:20:36.363678,1,[5],[0],0,1,2023-10-26
cbfbf889,Patricia,Young,309-XX-XXXX,2,1978-07-08 19:20:36.363687,1,[3],[1],0,1,2021-09-10
8880f8fd,Karen,Martinez,165-XX-XXXX,1,2005-12-02 19:20:36.363695,1,"[3, 5]",[1],0,1,2022-07-15
37117aca,Charles,Jones,292-70-2779,1,1991-08-08 19:20:36.363703,1,"[3, 6, 5]",[1],0,1,2024-03-21
de4fd5d2,Susan,Martinez,562-91-5991,1,2006-07-18 19:20:36.363711,1,"[3, 5]",[0],0,1,2023-09-07
32e113ac,Mark,Anderson,206-96-3910,99,1983-02-21 19:20:36.363719,9,"[3, 5]",[0],0,1,2022-03-18
1209ece3,Robert,Moore,805-87-9005,1,1980-11-21 19:20:36.363728,1,[7],[0],0,0,2023-10-11
081ef860,James,Williams,303-18-7322,1,1972-01-01 19:20:36.363736,9,[5],[0],0,1,2022-08-20
fe0d7b60,Robert,Martinez,338-47-9591,2,2004-01-30 19:20:36.363744,1,[5],[0],0,1,2023-02-11
add4f43d,Thomas,Hall,158-57-9495,9,2009-04-16 19:20:36.363752,1,[99],[0],0,1,2021-05-01
8c308a67,Elizabeth,Thompson,434-62-7407,99,2000-11-20 19:20:36.363760,1,"[3, 6]",[0],0,0,2022-11-14
28c861b8,Susan,Martin,213-26-9789,2,1966-04-23 19:20:36.363768,1,"[3, 5]",[1],0,0,2021-11-09
a293baf0,Anthony,White,860-18-7373,1,1977-11-15 19:20:36.363776,8,[5],[1],0,1,2022-03-08
b10e8a18,Sarah,Miller,986-XX-XXXX,1,1997-06-04 19:20:36.363785,1,[9],[0],0,0,2022-04-06
d39ace43,Jessica,Thomas,991-36-6075,2,1980-06-06 19:20:36.363793,1,"[1, 3, 6]",[1],0,0,2021-04-18
012a387d,David,Hall,826-95-8778,1,1991-10-17 19:20:36.363801,1,"[3, 5]",[0],0,0,2022-01-02
396af65d,Emily,Williams,688-49-4325,1,2007-06-28 19:20:36.363809,1,"[6, 5]",[1],0,0,2023-09-26
31db2b46,Emily,Clark,801-68-5512,9,1972-06-28 19:20:36.363817,1,[6],[0],0,0,2023-03-14
b24c34bd,Jennifer,Allen,246-67-2048,1,1983-08-15 19:20:36.363825,1,"[2, 5]",[0],1,1,2022-09-05
8423d885,Patricia,Taylor,719-41-9615,1,1995-09-18 19:20:36.363833,1,"[6, 5]",[6],0,1,2021-11-23
98145834,Michael,Thompson,682-72-8539,1,1987-02-03 19:20:36.363842,1,[5],[1],0,8,2021-02-14
c0367b96,Robert,Hall,140-21-5717,1,2008-01-19 19:20:36.363850,1,"[6, 5]",[0],0,1,2024-01-28
e5aacd5d,Thomas,Taylor,567-54-5873,1,2005-08-31 19:20:36.363858,1,"[3, 6]",[1],0,1,2023-03-15
0cd39bf8,Linda,White,943-32-7800,1,1993-04-25 19:20:36.363866,1,[1],[0],0,0,2022-11-23
caeebb4d,Mark,Rodriguez,732-65-8501,1,2002-04-26 19:20:36.363875,99,"[6, 5]",[1],0,0,2023-05-16
56e2af4f,Michael,Garcia,774-33-2565,1,1986-08-16 19:20:36.363883,1,"[3, 5]",[99],0,1,2023-08-28
2185577a,Sandra,Anderson,144-40-3587,1,2002-05-21 19:20:36.363891,1,[5],[1],0,0,2022-12-15
ab0fd6a4,Donald,Miller,743-78-5782,1,1991-11-04 19:20:36.363899,1,"[2, 4]",[1],0,1,2023-03-13
9cfe5a03,Karen,White,168-99-4559,99,2002-10-14 19:20:36.363907,1,[5],[4],1,1,2023-03-12
02b27116,Nancy,Jackson,521-XX-XXXX,1,1994-02-14 19:20:36.363915,1,[6],[4],0,1,2021-05-28
10ec96e5,Matthew,Moore,666-XX-XXXX,1,1996-12-14 19:20:36.363923,9,[6],[1],0,0,2023-12-18
a3376e2e,Mark,Robinson,477-19-2723,8,2005-10-20 19:20:36.363932,1,"[3, 5]",[3],0,1,2022-08-03
2a59b89c,Thomas,Thompson,898-51-7719,1,1996-05-05 19:20:36.363940,99,"[6, 5]",[1],0,1,2022-08-02
acbae980,Ashley,Harris,358-36-9291,99,1996-08-13 19:20:36.363948,1,"[3, 6]",[1],0,0,2022-02-04
fafd9011,Karen,Rodriguez,127-19-8567,1,1999-06-26 19:20:36.363956,1,"[1, 6]",[1],0,1,2024-01-28
72cfb5f7,Matthew,Walker,863-61-4185,99,1952-11-29 19:20:36.363964,1,[3],[1],1,1,2023-03-18
66a3140c,Karen,Garcia,110-42-2878,1,1982-04-28 19:20:36.363972,1,[5],[1],0,99,2021-07-19
e8822aa5,Matthew,Davis,239-51-8606,8,2004-07-15 19:20:36.363980,1,[3],[1],0,0,2021-09-26
2fd98e8a,Anthony,Hernandez,169-20-9985,1,2008-09-28 19:20:36.363989,1,[5],[1],0,1,2022-10-25
6c79927a,Sandra,Smith,830-66-3297,99,2004-09-23 19:20:36.363997,1,[5],[3],1,1,2024-04-03
00362daf,Patricia,Clark,385-30-3794,1,1988-05-04 19:20:36.364005,1,[2],[99],0,1,2021-04-21
c2a22219,Jessica,Lewis,721-22-3903,1,2007-12-14 19:20:36.364013,1,"[2, 3, 6, 5]",[0],0,0,2022-09-15
d14c6804,Joseph,Thompson,647-60-3759,99,1985-02-09 19:20:36.364021,1,"[1, 5]",[1],0,1,2023-07-27
78c8f18b,Emily,Young,881-11-5476,1,1997-11-16 19:20:36.364029,1,[1],"[0, 5]",0,0,2021-12-02
d093137f,John,Davis,466-32-4549,1,1999-02-09 19:20:36.364037,1,[4],[0],0,1,2024-03-28
55cb219e,Patricia,Martinez,791-78-4541,1,1989-11-15 19:20:36.364045,1,[2],[0],0,0,2021-10-09
7729fb45,Mark,Martin,148-91-9566,1,2005-09-03 19:20:36.364054,1,[3],[1],0,1,2023-06-24
9486fd0b,Robert,Miller,833-94-2684,1,2012-05-20 19:20:36.364062,1,"[3, 6, 5]",[0],0,1,2023-09-16
4e73e52f,Emily,Rodriguez,415-66-1858,1,1981-11-26 19:20:36.364070,1,"[1, 6, 5]",[1],0,1,2022-08-20
b5454f4d,James,Allen,149-58-4305,9,1999-10-09 19:20:36.364078,99,[5],[1],0,0,2021-10-24
65421dce,Sarah,Lee,483-XX-XXXX,1,1991-11-29 19:20:36.364086,1,"[1, 5]",[1],1,0,2022-03-06
0d3eec6a,Susan,Harris,304-XX-XXXX,1,1999-06-21 19:20:36.364095,1,[2],[1],0,1,2022-03-23
265a17f9,Elizabeth,Moore,531-13-1238,99,2003-12-26 19:20:36.364103,1,"[3, 5]",[0],1,1,2022-02-05
b6db9a6d,Matthew,King,296-97-2035,8,1965-05-07 19:20:36.364111,1,[2],[1],0,0,2021-01-19
7ac53c0b,Susan,Clark,198-95-3750,1,1973-11-29 19:20:36.364119,1,[5],[4],0,1,2023-01-12
ab11ea41,Robert,Garcia,145-63-9396,1,1986-10-31 19:20:36.364127,1,"[3, 5]",[4],0,99,2024-03-24
f110bef4,Mark,Hall,434-51-4105,1,2001-01-09 19:20:36.364136,1,"[1, 3, 5]",[0],0,1,2021-07-28
6dc7d4fe,Joseph,Robinson,654-60-8010,1,1998-01-21 19:20:36.364144,1,[3],[1],0,1,2021-10-30
d36ec2dd,Donald,Young,318-23-6842,1,1989-02-23 19:20:36.364152,1,[7],[1],0,99,2023-02-11
213bc76f,Nancy,Walker,115-61-6181,1,2005-04-05 19:20:36.364160,1,[3],[1],0,0,2023-05-25
795e3c58,Thomas,King,317-68-4606,1,1976-07-03 19:20:36.364168,1,[3],[1],0,1,2021-12-11
fdd193e1,Anthony,White,934-45-7045,1,2005-02-18 19:20:36.364176,2,[3],[0],1,99,2021-04-26
13c96793,David,King,323-62-5940,99,1940-01-23 19:20:36.364185,1,[5],[1],0,0,2021-07-16
31cdced3,Jennifer,Martinez,611-23-9784,99,1990-10-16 19:20:36.364193,8,"[3, 6]",[1],0,1,2022-12-30
